Employee_ID,Date,Department,Job_Role,Hours_Worked,Tasks_Completed,Performance_Score,Tasks_Per_Hour,Flagged,Year,Month
E00001,2023-01-01,Marketing,Manager,5.1,19,3.9,3.73,False,2023,1
E00002,2023-01-02,HR,Consultant,9.3,8,2.95,0.86,False,2023,1
E00003,2023-01-03,Finance,Developer,5.8,6,2.32,1.03,False,2023,1
E00004,2023-01-04,Finance,Technician,6.4,15,1.51,2.34,False,2023,1
E00005,2023-01-05,Marketing,Analyst,4.5,3,3.62,0.67,False,2023,1
E00006,2023-01-06,Marketing,Analyst,11.6,2,1.4,0.17,False,2023,1
E00007,2023-01-07,Sales,Manager,11.0,10,3.48,0.91,False,2023,1
E00008,2023-01-08,HR,Manager,11.3,1,4.6,0.09,False,2023,1
E00009,2023-01-09,Engineering,Technician,9.0,11,2.27,1.22,False,2023,1
E00010,2023-01-10,HR,Developer,7.4,9,2.8,1.22,False,2023,1
E00011,2023-01-11,Finance,Consultant,8.0,4,3.47,0.5,False,2023,1
E00012,2023-01-12,Engineering,Consultant,11.8,3,2.22,0.25,False,2023,1
E00013,2023-01-13,HR,Developer,11.5,11,3.34,0.96,False,2023,1
E00014,2023-01-14,HR,Manager,9.4,6,3.26,0.64,False,2023,1
E00015,2023-01-15,Marketing,Consultant,10.3,13,2.46,1.26,False,2023,1
E00016,2023-01-16,Engineering,Analyst,6.5,6,2.27,0.92,False,2023,1
E00017,2023-01-17,Finance,Manager,7.3,3,2.71,0.41,False,2023,1
E00018,2023-01-18,Engineering,Developer,5.2,18,1.02,3.46,False,2023,1
E00019,2023-01-19,Sales,Manager,7.0,3,1.98,0.43,False,2023,1
E00020,2023-01-20,HR,Consultant,10.0,11,1.89,1.1,False,2023,1
E00021,2023-01-21,Sales,Analyst,7.8,20,3.96,2.56,False,2023,1
E00022,2023-01-22,Marketing,Analyst,10.8,20,2.74,1.85,False,2023,1
E00023,2023-01-23,Finance,Technician,6.4,16,4.36,2.5,False,2023,1
E00024,2023-01-24,HR,Analyst,9.7,1,1.54,0.1,False,2023,1
E00025,2023-01-25,Sales,Manager,10.4,14,3.93,1.35,False,2023,1
E00026,2023-01-26,Finance,Technician,11.3,6,4.51,0.53,False,2023,1
E00027,2023-01-27,HR,Manager,8.5,20,2.85,2.35,False,2023,1
E00028,2023-01-28,HR,Technician,11.7,14,2.43,1.2,False,2023,1
E00029,2023-01-29,Sales,Manager,8.5,6,2.22,0.71,False,2023,1
E00030,2023-01-30,Marketing,Manager,5.1,2,3.21,0.39,False,2023,1
E00031,2023-01-31,Sales,Analyst,5.9,4,1.7,0.68,False,2023,1
E00032,2023-02-01,Marketing,Manager,5.6,11,3.43,1.96,False,2023,2
E00033,2023-02-02,Engineering,Consultant,9.2,7,4.37,0.76,False,2023,2
E00034,2023-02-03,Sales,Manager,11.4,7,4.43,0.61,False,2023,2
E00035,2023-02-04,Finance,Manager,10.8,14,1.56,1.3,False,2023,2
E00036,2023-02-05,Engineering,Consultant,4.7,18,3.15,3.83,False,2023,2
E00037,2023-02-06,Sales,Analyst,9.8,18,2.05,1.84,False,2023,2
E00038,2023-02-07,Marketing,Analyst,5.5,9,4.55,1.64,False,2023,2
E00039,2023-02-08,Sales,Manager,6.1,10,1.31,1.64,False,2023,2
E00040,2023-02-09,Engineering,Manager,9.4,10,1.3,1.06,False,2023,2
E00041,2023-02-10,Marketing,Consultant,8.8,8,1.07,0.91,False,2023,2
E00042,2023-02-11,HR,Developer,11.0,4,3.03,0.36,False,2023,2
E00043,2023-02-12,Finance,Consultant,5.5,2,1.12,0.36,False,2023,2
E00044,2023-02-13,Finance,Developer,10.1,13,3.33,1.29,False,2023,2
E00045,2023-02-14,HR,Consultant,9.8,19,2.62,1.94,False,2023,2
E00046,2023-02-15,Finance,Developer,8.5,18,3.36,2.12,False,2023,2
E00047,2023-02-16,HR,Manager,7.8,16,4.63,2.05,False,2023,2
E00048,2023-02-17,Finance,Developer,11.0,5,3.21,0.45,False,2023,2
E00049,2023-02-18,Marketing,Technician,6.7,2,3.17,0.3,False,2023,2
E00050,2023-02-19,Finance,Manager,11.7,12,4.99,1.03,False,2023,2
E00051,2023-02-20,Finance,Consultant,4.1,1,2.89,0.24,False,2023,2
E00052,2023-02-21,Finance,Technician,11.5,14,4.1,1.22,False,2023,2
E00053,2023-02-22,Finance,Developer,11.7,3,2.46,0.26,False,2023,2
E00054,2023-02-23,Sales,Developer,4.9,10,1.89,2.04,False,2023,2
E00055,2023-02-24,Marketing,Technician,12.0,20,4.09,1.67,False,2023,2
E00056,2023-02-25,Marketing,Manager,7.8,16,3.93,2.05,False,2023,2
E00057,2023-02-26,HR,Developer,5.9,7,2.16,1.19,False,2023,2
E00058,2023-02-27,Marketing,Developer,8.8,4,2.86,0.45,False,2023,2
E00059,2023-02-28,HR,Consultant,5.6,1,3.04,0.18,False,2023,2
E00060,2023-03-01,Finance,Developer,11.3,7,2.59,0.62,False,2023,3
E00061,2023-03-02,Sales,Technician,8.4,6,3.01,0.71,False,2023,3
E00062,2023-03-03,Marketing,Manager,10.2,10,3.65,0.98,False,2023,3
E00063,2023-03-04,Engineering,Manager,7.0,3,4.39,0.43,False,2023,3
E00064,2023-03-05,Marketing,Consultant,8.3,16,4.23,1.93,False,2023,3
E00065,2023-03-06,Sales,Manager,6.9,4,3.46,0.58,False,2023,3
E00066,2023-03-07,Marketing,Analyst,6.1,10,1.66,1.64,False,2023,3
E00067,2023-03-08,Finance,Consultant,8.1,13,3.06,1.6,False,2023,3
E00068,2023-03-09,HR,Developer,8.0,16,2.78,2.0,False,2023,3
E00069,2023-03-10,Finance,Analyst,4.8,16,1.72,3.33,False,2023,3
E00070,2023-03-11,Finance,Technician,11.9,9,4.79,0.76,False,2023,3
E00071,2023-03-12,Finance,Developer,7.8,3,3.64,0.38,False,2023,3
E00072,2023-03-13,Sales,Developer,10.7,18,4.87,1.68,False,2023,3
E00073,2023-03-14,Sales,Consultant,11.3,13,3.94,1.15,False,2023,3
E00074,2023-03-15,Finance,Manager,7.0,6,2.93,0.86,False,2023,3
E00075,2023-03-16,Marketing,Consultant,7.3,12,2.44,1.64,False,2023,3
E00076,2023-03-17,Finance,Technician,8.5,13,1.88,1.53,False,2023,3
E00077,2023-03-18,Sales,Consultant,5.8,12,2.95,2.07,False,2023,3
E00078,2023-03-19,Engineering,Consultant,5.2,6,1.25,1.15,False,2023,3
E00079,2023-03-20,Finance,Consultant,6.1,15,2.48,2.46,False,2023,3
E00080,2023-03-21,Finance,Analyst,11.5,2,1.17,0.17,False,2023,3
E00081,2023-03-22,Engineering,Developer,8.6,9,1.83,1.05,False,2023,3
E00082,2023-03-23,Finance,Analyst,7.3,15,4.63,2.05,False,2023,3
E00083,2023-03-24,Engineering,Analyst,5.2,15,2.45,2.88,False,2023,3
E00084,2023-03-25,Sales,Developer,6.6,9,2.88,1.36,False,2023,3
E00085,2023-03-26,Finance,Developer,7.0,8,2.82,1.14,False,2023,3
E00086,2023-03-27,Finance,Manager,10.7,9,1.19,0.84,False,2023,3
E00087,2023-03-28,Sales,Developer,8.0,19,4.92,2.38,False,2023,3
E00088,2023-03-29,Engineering,Consultant,9.2,2,2.3,0.22,False,2023,3
E00089,2023-03-30,HR,Analyst,9.5,5,3.81,0.53,False,2023,3
E00090,2023-03-31,HR,Manager,6.1,4,3.09,0.66,False,2023,3
E00091,2023-04-01,HR,Technician,10.6,3,4.32,0.28,False,2023,4
E00092,2023-04-02,Marketing,Manager,11.7,12,4.34,1.03,False,2023,4
E00093,2023-04-03,Marketing,Technician,9.1,18,2.05,1.98,False,2023,4
E00094,2023-04-04,Engineering,Manager,7.9,14,3.18,1.77,False,2023,4
E00095,2023-04-05,HR,Manager,5.3,19,1.7,3.58,False,2023,4
E00096,2023-04-06,Finance,Consultant,10.4,8,3.61,0.77,False,2023,4
E00097,2023-04-07,Sales,Technician,5.4,18,2.46,3.33,False,2023,4
E00098,2023-04-08,Engineering,Developer,9.8,2,3.61,0.2,False,2023,4
E00099,2023-04-09,Sales,Developer,7.9,13,4.34,1.65,False,2023,4
E00100,2023-04-10,Sales,Developer,11.3,17,3.07,1.5,False,2023,4
E00101,2023-04-11,HR,Analyst,8.3,14,2.51,1.69,False,2023,4
E00102,2023-04-12,Marketing,Manager,9.1,18,4.63,1.98,False,2023,4
E00103,2023-04-13,Marketing,Analyst,4.5,16,3.07,3.56,False,2023,4
E00104,2023-04-14,Engineering,Consultant,4.3,19,2.41,4.42,True,2023,4
E00105,2023-04-15,Finance,Consultant,10.8,8,4.47,0.74,False,2023,4
E00106,2023-04-16,Marketing,Technician,11.6,16,2.95,1.38,False,2023,4
E00107,2023-04-17,HR,Consultant,9.3,10,2.93,1.08,False,2023,4
E00108,2023-04-18,Engineering,Technician,10.1,3,3.42,0.3,False,2023,4
E00109,2023-04-19,Engineering,Consultant,7.3,13,3.01,1.78,False,2023,4
E00110,2023-04-20,Sales,Analyst,10.7,2,1.56,0.19,False,2023,4
E00111,2023-04-21,Sales,Developer,5.9,17,1.66,2.88,False,2023,4
E00112,2023-04-22,Finance,Analyst,9.7,19,1.31,1.96,False,2023,4
E00113,2023-04-23,Engineering,Consultant,4.1,17,3.57,4.15,True,2023,4
E00114,2023-04-24,HR,Analyst,8.0,19,1.85,2.38,False,2023,4
E00115,2023-04-25,Sales,Manager,7.0,20,1.75,2.86,False,2023,4
E00116,2023-04-26,Sales,Technician,8.9,5,2.45,0.56,False,2023,4
E00117,2023-04-27,Finance,Analyst,9.3,4,3.87,0.43,False,2023,4
E00118,2023-04-28,Marketing,Consultant,8.9,15,1.47,1.69,False,2023,4
E00119,2023-04-29,Marketing,Developer,7.9,6,1.92,0.76,False,2023,4
E00120,2023-04-30,HR,Technician,7.9,6,4.24,0.76,False,2023,4
E00121,2023-05-01,Marketing,Technician,4.1,7,3.88,1.71,False,2023,5
E00122,2023-05-02,Engineering,Technician,8.4,7,2.93,0.83,False,2023,5
E00123,2023-05-03,Marketing,Technician,4.1,5,2.92,1.22,False,2023,5
E00124,2023-05-04,Engineering,Consultant,8.2,2,1.84,0.24,False,2023,5
E00125,2023-05-05,HR,Consultant,6.2,14,1.64,2.26,False,2023,5
E00126,2023-05-06,Finance,Manager,11.8,3,4.33,0.25,False,2023,5
E00127,2023-05-07,HR,Technician,4.1,14,1.09,3.41,False,2023,5
E00128,2023-05-08,Sales,Technician,10.5,7,1.17,0.67,False,2023,5
E00129,2023-05-09,Sales,Analyst,9.4,5,3.29,0.53,False,2023,5
E00130,2023-05-10,Sales,Manager,10.4,20,1.64,1.92,False,2023,5
E00131,2023-05-11,Finance,Consultant,11.3,9,3.52,0.8,False,2023,5
E00132,2023-05-12,HR,Analyst,4.9,11,1.16,2.24,False,2023,5
E00133,2023-05-13,Sales,Analyst,4.8,3,3.29,0.62,False,2023,5
E00134,2023-05-14,Sales,Manager,5.2,3,1.22,0.58,False,2023,5
E00135,2023-05-15,HR,Technician,5.5,13,2.03,2.36,False,2023,5
E00136,2023-05-16,Engineering,Developer,8.2,18,1.72,2.2,False,2023,5
E00137,2023-05-17,HR,Developer,10.5,13,4.83,1.24,False,2023,5
E00138,2023-05-18,Marketing,Manager,8.0177,18,3.4,2.95,False,2023,5
E00139,2023-05-19,Marketing,Consultant,7.2,11,3.25,1.53,False,2023,5
E00140,2023-05-20,HR,Manager,7.0,9,1.07,1.29,False,2023,5
E00141,2023-05-21,Engineering,Consultant,7.2,17,3.88,2.36,False,2023,5
E00142,2023-05-22,Engineering,Analyst,8.5,15,3.65,1.76,False,2023,5
E00143,2023-05-23,Finance,Developer,11.9,1,2.13,0.08,False,2023,5
E00144,2023-05-24,Sales,Analyst,5.8,20,1.34,3.45,False,2023,5
E00145,2023-05-25,Engineering,Analyst,9.5,19,2.8,2.0,False,2023,5
E00146,2023-05-26,Finance,Consultant,10.8,17,4.97,1.57,False,2023,5
E00147,2023-05-27,Engineering,Consultant,9.2,14,4.47,1.52,False,2023,5
E00148,2023-05-28,Marketing,Developer,10.9,4,1.68,0.37,False,2023,5
E00149,2023-05-29,Finance,Manager,10.1,14,4.32,1.39,False,2023,5
E00150,2023-05-30,Finance,Manager,4.7,5,3.4,1.06,False,2023,5
E00151,2023-05-31,Sales,Manager,7.0,5,4.18,0.71,False,2023,5
E00152,2023-06-01,Marketing,Consultant,8.4,19,4.28,2.26,False,2023,6
E00153,2023-06-02,Engineering,Consultant,4.4,19,1.73,4.32,True,2023,6
E00154,2023-06-03,Engineering,Analyst,4.1,19,3.64,4.63,True,2023,6
E00155,2023-06-04,HR,Consultant,5.4,4,2.06,0.74,False,2023,6
E00156,2023-06-05,Finance,Developer,8.0,4,3.9,0.5,False,2023,6
E00157,2023-06-06,Finance,Developer,7.5,19,2.37,2.53,False,2023,6
E00158,2023-06-07,Engineering,Analyst,10.3,4,2.81,0.39,False,2023,6
E00159,2023-06-08,Finance,Consultant,8.5,10,3.36,1.18,False,2023,6
E00160,2023-06-09,Finance,Manager,10.9,18,1.92,1.65,False,2023,6
E00161,2023-06-10,HR,Developer,4.8,12,2.54,2.5,False,2023,6
E00162,2023-06-11,Marketing,Analyst,8.2,14,1.43,1.71,False,2023,6
E00163,2023-06-12,Finance,Consultant,4.3,9,1.81,2.09,False,2023,6
E00164,2023-06-13,Sales,Developer,5.7,13,4.44,2.28,False,2023,6
E00165,2023-06-14,Sales,Consultant,10.9,16,3.02,1.47,False,2023,6
E00166,2023-06-15,HR,Manager,11.1,19,2.68,1.71,False,2023,6
E00167,2023-06-16,Finance,Analyst,7.8,20,1.6,2.56,False,2023,6
E00168,2023-06-17,Marketing,Developer,4.4,16,1.39,3.64,False,2023,6
E00169,2023-06-18,Finance,Manager,4.6,2,2.9,0.43,False,2023,6
E00170,2023-06-19,HR,Analyst,11.4,6,3.46,0.53,False,2023,6
E00171,2023-06-20,Sales,Analyst,11.2,9,1.16,0.8,False,2023,6
E00172,2023-06-21,Engineering,Manager,8.5,13,4.14,1.53,False,2023,6
E00173,2023-06-22,Engineering,Analyst,4.3,5,3.01,1.16,False,2023,6
E00174,2023-06-23,Marketing,Analyst,11.4,20,1.47,1.75,False,2023,6
E00175,2023-06-24,Sales,Manager,6.5,20,2.93,3.08,False,2023,6
E00176,2023-06-25,HR,Consultant,11.7,13,1.52,1.11,False,2023,6
E00177,2023-06-26,HR,Manager,8.7,2,3.41,0.23,False,2023,6
E00178,2023-06-27,Engineering,Analyst,10.0,13,4.31,1.3,False,2023,6
E00179,2023-06-28,Engineering,Consultant,9.7,11,4.59,1.13,False,2023,6
E00180,2023-06-29,Engineering,Developer,7.2,8,4.1,1.11,False,2023,6
E00181,2023-06-30,Marketing,Technician,4.6,2,3.6,0.43,False,2023,6
E00182,2023-07-01,Marketing,Technician,5.3,16,3.09,3.02,False,2023,7
E00183,2023-07-02,Sales,Manager,5.9,9,2.48,1.53,False,2023,7
E00184,2023-07-03,HR,Technician,10.7,12,1.17,1.12,False,2023,7
E00185,2023-07-04,Engineering,Manager,7.1,1,3.12,0.14,False,2023,7
E00186,2023-07-05,Finance,Manager,11.2,11,1.92,0.98,False,2023,7
E00187,2023-07-06,Sales,Technician,6.7,10,4.21,1.49,False,2023,7
E00188,2023-07-07,Finance,Technician,10.0,10,4.16,1.0,False,2023,7
E00189,2023-07-08,HR,Developer,8.0177,9,2.52,1.76,False,2023,7
E00190,2023-07-09,Engineering,Developer,11.9,16,3.36,1.34,False,2023,7
E00191,2023-07-10,Engineering,Consultant,9.8,4,3.97,0.41,False,2023,7
E00192,2023-07-11,Finance,Developer,8.0,8,4.05,1.0,False,2023,7
E00193,2023-07-12,Finance,Manager,11.8,5,3.79,0.42,False,2023,7
E00194,2023-07-13,Sales,Manager,4.4,10,1.39,2.27,False,2023,7
E00195,2023-07-14,Engineering,Analyst,7.5,15,1.54,2.0,False,2023,7
E00196,2023-07-15,Sales,Technician,10.7,11,2.91,1.03,False,2023,7
E00197,2023-07-16,Engineering,Consultant,6.7,9,1.93,1.34,False,2023,7
E00198,2023-07-17,HR,Technician,10.2,14,4.44,1.37,False,2023,7
E00199,2023-07-18,Sales,Technician,11.6,20,2.13,1.72,False,2023,7
E00200,2023-07-19,Sales,Manager,7.2,3,4.51,0.42,False,2023,7
E00201,2023-07-20,Sales,Technician,10.2,7,2.63,0.69,False,2023,7
E00202,2023-07-21,Sales,Analyst,4.2,15,1.76,3.57,False,2023,7
E00203,2023-07-22,Sales,Developer,6.2,7,3.84,1.13,False,2023,7
E00204,2023-07-23,HR,Developer,11.9,14,4.16,1.18,False,2023,7
E00205,2023-07-24,Engineering,Analyst,7.9,16,3.31,2.03,False,2023,7
E00206,2023-07-25,Finance,Analyst,6.8,17,1.47,2.5,False,2023,7
E00207,2023-07-26,Engineering,Analyst,11.5,12,1.03,1.04,False,2023,7
E00208,2023-07-27,HR,Analyst,7.5,2,3.62,0.27,False,2023,7
E00209,2023-07-28,Finance,Manager,9.4,17,3.75,1.81,False,2023,7
E00210,2023-07-29,Sales,Developer,9.3,6,2.26,0.65,False,2023,7
E00211,2023-07-30,Finance,Manager,4.7,3,2.45,0.64,False,2023,7
E00212,2023-07-31,Marketing,Developer,8.9,10,1.62,1.12,False,2023,7
E00213,2023-08-01,Engineering,Technician,10.4,17,3.61,1.63,False,2023,8
E00214,2023-08-02,Engineering,Analyst,9.7,13,2.01,1.34,False,2023,8
E00215,2023-08-03,Sales,Consultant,4.7,5,4.42,1.06,False,2023,8
E00216,2023-08-04,Sales,Technician,5.2,17,2.69,3.27,False,2023,8
E00217,2023-08-05,Engineering,Technician,9.7,19,2.46,1.96,False,2023,8
E00218,2023-08-06,Marketing,Analyst,9.1,1,2.1,0.11,False,2023,8
E00219,2023-08-07,HR,Manager,9.9,6,3.72,0.61,False,2023,8
E00220,2023-08-08,Finance,Manager,6.5,7,4.02,1.08,False,2023,8
E00221,2023-08-09,Sales,Consultant,4.9,7,2.65,1.43,False,2023,8
E00222,2023-08-10,Engineering,Consultant,4.0,2,4.14,0.5,False,2023,8
E00223,2023-08-11,Engineering,Consultant,6.5,8,2.93,1.23,False,2023,8
E00224,2023-08-12,Marketing,Manager,6.9,2,2.48,0.29,False,2023,8
E00225,2023-08-13,HR,Consultant,6.2,15,3.22,2.42,False,2023,8
E00226,2023-08-14,Engineering,Developer,5.1,2,2.02,0.39,False,2023,8
E00227,2023-08-15,Engineering,Consultant,5.5,12,2.23,2.18,False,2023,8
E00228,2023-08-16,Sales,Consultant,7.6,7,2.38,0.92,False,2023,8
E00229,2023-08-17,HR,Developer,8.4,9,3.82,1.07,False,2023,8
E00230,2023-08-18,Sales,Technician,7.3,12,3.94,1.64,False,2023,8
E00231,2023-08-19,HR,Developer,4.2,15,4.42,3.57,False,2023,8
E00232,2023-08-20,HR,Consultant,6.8,17,3.64,2.5,False,2023,8
E00233,2023-08-21,Engineering,Consultant,4.7,13,3.99,2.77,False,2023,8
E00234,2023-08-22,Marketing,Technician,8.8,4,2.79,0.45,False,2023,8
E00235,2023-08-23,Finance,Consultant,6.6,1,3.8,0.15,False,2023,8
E00236,2023-08-24,HR,Manager,7.1,8,1.65,1.13,False,2023,8
E00237,2023-08-25,Sales,Manager,6.3,12,1.86,1.9,False,2023,8
E00238,2023-08-26,Finance,Developer,7.1,16,2.6,2.25,False,2023,8
E00239,2023-08-27,Engineering,Analyst,4.7,20,2.35,4.26,True,2023,8
E00240,2023-08-28,Marketing,Analyst,11.2,15,3.2,1.34,False,2023,8
E00241,2023-08-29,Engineering,Manager,11.2,6,3.79,0.54,False,2023,8
E00242,2023-08-30,Engineering,Developer,11.8,16,3.83,1.36,False,2023,8
E00243,2023-08-31,Engineering,Analyst,8.6,19,1.64,2.21,False,2023,8
E00244,2023-09-01,Sales,Developer,5.4,18,4.86,3.33,False,2023,9
E00245,2023-09-02,Finance,Manager,7.0,12,1.02,1.71,False,2023,9
E00246,2023-09-03,Marketing,Technician,5.1,12,1.36,2.35,False,2023,9
E00247,2023-09-04,Finance,Manager,6.4,6,1.58,0.94,False,2023,9
E00248,2023-09-05,Finance,Technician,7.9,9,4.7,1.14,False,2023,9
E00249,2023-09-06,Marketing,Technician,4.5,3,2.74,0.67,False,2023,9
E00250,2023-09-07,Finance,Consultant,7.5,10,1.26,1.33,False,2023,9
E00251,2023-09-08,Finance,Developer,7.4,1,1.89,0.14,False,2023,9
E00252,2023-09-09,Marketing,Developer,7.9,13,1.32,1.65,False,2023,9
E00253,2023-09-10,HR,Developer,4.6,2,1.15,0.43,False,2023,9
E00254,2023-09-11,Engineering,Consultant,6.0,6,2.54,1.0,False,2023,9
E00255,2023-09-12,Sales,Technician,6.0,19,4.94,3.17,False,2023,9
E00256,2023-09-13,Sales,Developer,9.0,7,3.46,0.78,False,2023,9
E00257,2023-09-14,HR,Technician,8.8,8,3.08,0.91,False,2023,9
E00258,2023-09-15,Finance,Consultant,5.6,8,3.85,1.43,False,2023,9
E00259,2023-09-16,Finance,Analyst,4.9,7,3.39,1.43,False,2023,9
E00260,2023-09-17,Sales,Developer,6.4,9,4.78,1.41,False,2023,9
E00261,2023-09-18,Sales,Manager,11.6,14,4.28,1.21,False,2023,9
E00262,2023-09-19,Sales,Manager,6.7,17,3.56,2.54,False,2023,9
E00263,2023-09-20,Finance,Manager,9.0,1,2.76,0.11,False,2023,9
E00264,2023-09-21,HR,Technician,10.4,1,1.81,0.1,False,2023,9
E00265,2023-09-22,Sales,Analyst,6.6,16,3.63,2.42,False,2023,9
E00266,2023-09-23,Marketing,Consultant,6.7,5,4.22,0.75,False,2023,9
E00267,2023-09-24,Marketing,Developer,10.5,6,2.14,0.57,False,2023,9
E00268,2023-09-25,Sales,Manager,10.9,20,1.13,1.83,False,2023,9
E00269,2023-09-26,Marketing,Analyst,11.8,1,3.4,0.08,False,2023,9
E00270,2023-09-27,HR,Developer,5.1,8,3.06,1.57,False,2023,9
E00271,2023-09-28,Sales,Developer,6.6,9,1.93,1.36,False,2023,9
E00272,2023-09-29,Finance,Developer,11.6,20,1.68,1.72,False,2023,9
E00273,2023-09-30,Marketing,Manager,5.6,10,1.14,1.79,False,2023,9
E00274,2023-10-01,Sales,Analyst,6.5,9,1.96,1.38,False,2023,10
E00275,2023-10-02,HR,Analyst,11.7,14,1.0,1.2,False,2023,10
E00276,2023-10-03,HR,Developer,11.7,13,1.63,1.11,False,2023,10
E00277,2023-10-04,HR,Analyst,6.3,12,4.99,1.9,False,2023,10
E00278,2023-10-05,Engineering,Developer,9.6,15,4.12,1.56,False,2023,10
E00279,2023-10-06,Finance,Consultant,7.9,9,2.41,1.14,False,2023,10
E00280,2023-10-07,Marketing,Consultant,8.6,7,2.58,0.81,False,2023,10
E00281,2023-10-08,Marketing,Manager,5.9,15,3.34,2.54,False,2023,10
E00282,2023-10-09,Finance,Manager,7.0,10,3.07,1.43,False,2023,10
E00283,2023-10-10,Marketing,Consultant,10.5,17,3.95,1.62,False,2023,10
E00284,2023-10-11,Finance,Analyst,7.1,20,1.27,2.82,False,2023,10
E00285,2023-10-12,Engineering,Consultant,4.9,13,1.36,2.65,False,2023,10
E00286,2023-10-13,Sales,Consultant,8.5,19,2.14,2.24,False,2023,10
E00287,2023-10-14,Sales,Technician,8.7,4,4.32,0.46,False,2023,10
E00288,2023-10-15,HR,Technician,8.4,1,4.66,0.12,False,2023,10
E00289,2023-10-16,Engineering,Analyst,9.5,17,2.39,1.79,False,2023,10
E00290,2023-10-17,Finance,Developer,8.4,12,4.85,1.43,False,2023,10
E00291,2023-10-18,HR,Manager,11.6,18,2.11,1.55,False,2023,10
E00292,2023-10-19,Marketing,Analyst,7.7,20,3.43,2.6,False,2023,10
E00293,2023-10-20,Marketing,Technician,9.7,20,1.78,2.06,False,2023,10
E00294,2023-10-21,Finance,Consultant,7.5,10,4.72,1.33,False,2023,10
E00295,2023-10-22,Marketing,Analyst,6.3,10,3.3,1.59,False,2023,10
E00296,2023-10-23,Engineering,Developer,9.5,4,2.04,0.42,False,2023,10
E00297,2023-10-24,Engineering,Technician,10.6,16,2.63,1.51,False,2023,10
E00298,2023-10-25,HR,Analyst,10.4,3,1.43,0.29,False,2023,10
E00299,2023-10-26,HR,Analyst,7.3,11,1.29,1.51,False,2023,10
E00300,2023-10-27,Sales,Consultant,8.0,9,2.18,1.12,False,2023,10
E00301,2023-10-28,Sales,Technician,9.1,11,4.79,1.21,False,2023,10
E00302,2023-10-29,Engineering,Consultant,5.9,9,4.21,1.53,False,2023,10
E00303,2023-10-30,Sales,Technician,9.3,9,4.83,0.97,False,2023,10
E00304,2023-10-31,Engineering,Consultant,9.7,10,4.5,1.03,False,2023,10
E00305,2023-11-01,HR,Consultant,10.3,7,4.25,0.68,False,2023,11
E00306,2023-11-02,HR,Developer,4.6,5,3.3,1.09,False,2023,11
E00307,2023-11-03,Finance,Consultant,11.9,17,3.78,1.43,False,2023,11
E00308,2023-11-04,Sales,Developer,7.8,8,4.86,1.03,False,2023,11
E00309,2023-11-05,Marketing,Analyst,7.2,2,3.25,0.28,False,2023,11
E00310,2023-11-06,Sales,Analyst,8.1,20,4.08,2.47,False,2023,11
E00311,2023-11-07,Sales,Manager,11.4,13,4.03,1.14,False,2023,11
E00312,2023-11-08,Finance,Analyst,9.5,11,4.84,1.16,False,2023,11
E00313,2023-11-09,Finance,Technician,8.3,5,2.84,0.6,False,2023,11
E00314,2023-11-10,HR,Developer,10.3,1,2.84,0.1,False,2023,11
E00315,2023-11-11,Marketing,Analyst,6.9,16,3.35,2.32,False,2023,11
E00316,2023-11-12,Sales,Manager,11.2,10,1.11,0.89,False,2023,11
E00317,2023-11-13,Engineering,Manager,8.3,9,1.47,1.08,False,2023,11
E00318,2023-11-14,Marketing,Technician,9.1,14,1.27,1.54,False,2023,11
E00319,2023-11-15,HR,Manager,4.7,13,3.53,2.77,False,2023,11
E00320,2023-11-16,Sales,Consultant,10.2,13,4.98,1.27,False,2023,11
E00321,2023-11-17,Sales,Technician,9.3,2,3.71,0.22,False,2023,11
E00322,2023-11-18,Sales,Technician,6.8,19,1.92,2.79,False,2023,11
E00323,2023-11-19,Sales,Manager,9.2,19,2.26,2.07,False,2023,11
E00324,2023-11-20,Sales,Analyst,4.4,7,4.82,1.59,False,2023,11
E00325,2023-11-21,HR,Consultant,11.9,11,3.07,0.92,False,2023,11
E00326,2023-11-22,Marketing,Manager,9.4,8,1.04,0.85,False,2023,11
E00327,2023-11-23,Finance,Analyst,7.2,18,4.33,2.5,False,2023,11
E00328,2023-11-24,Sales,Manager,10.0,16,1.99,1.6,False,2023,11
E00329,2023-11-25,Sales,Technician,11.7,12,1.37,1.03,False,2023,11
E00330,2023-11-26,Sales,Consultant,7.4,17,3.69,2.3,False,2023,11
E00331,2023-11-27,Sales,Technician,4.1,10,4.28,2.44,False,2023,11
E00332,2023-11-28,Finance,Manager,6.1,6,1.3,0.98,False,2023,11
E00333,2023-11-29,Marketing,Developer,8.1,18,4.73,2.22,False,2023,11
E00334,2023-11-30,HR,Developer,8.2,6,2.91,0.73,False,2023,11
E00335,2023-12-01,Sales,Consultant,8.6,10,2.41,1.16,False,2023,12
E00336,2023-12-02,Sales,Analyst,8.6,4,4.58,0.47,False,2023,12
E00337,2023-12-03,Finance,Developer,7.6,16,2.08,2.11,False,2023,12
E00338,2023-12-04,Sales,Analyst,7.1,5,4.79,0.7,False,2023,12
E00339,2023-12-05,Engineering,Consultant,10.2,9,3.73,0.88,False,2023,12
E00340,2023-12-06,Finance,Developer,8.7,18,4.64,2.07,False,2023,12
E00341,2023-12-07,Marketing,Developer,8.0,6,3.0,0.75,False,2023,12
E00342,2023-12-08,Finance,Analyst,6.8,11,1.8,1.62,False,2023,12
E00343,2023-12-09,HR,Technician,4.2,3,3.94,0.71,False,2023,12
E00344,2023-12-10,HR,Developer,4.8,8,4.49,1.67,False,2023,12
E00345,2023-12-11,Finance,Technician,7.3,12,1.83,1.64,False,2023,12
E00346,2023-12-12,Sales,Analyst,11.7,8,1.81,0.68,False,2023,12
E00347,2023-12-13,Sales,Technician,4.9,10,2.0,2.04,False,2023,12
E00348,2023-12-14,Finance,Technician,11.5,14,3.47,1.22,False,2023,12
E00349,2023-12-15,Marketing,Developer,5.1,11,1.62,2.16,False,2023,12
E00350,2023-12-16,Finance,Analyst,6.5,12,1.43,1.85,False,2023,12
E00351,2023-12-17,Sales,Analyst,7.6,9,4.68,1.18,False,2023,12
E00352,2023-12-18,Engineering,Developer,5.7,19,3.7,3.33,False,2023,12
E00353,2023-12-19,Sales,Technician,7.9,10,3.65,1.27,False,2023,12
E00354,2023-12-20,HR,Technician,7.8,15,3.46,1.92,False,2023,12
E00355,2023-12-21,Sales,Technician,7.5,4,4.06,0.53,False,2023,12
E00356,2023-12-22,HR,Manager,9.6,16,3.17,1.67,False,2023,12
E00357,2023-12-23,Sales,Analyst,6.6,2,1.17,0.3,False,2023,12
E00358,2023-12-24,Finance,Consultant,6.4,19,2.93,2.97,False,2023,12
E00359,2023-12-25,HR,Technician,10.5,19,3.48,1.81,False,2023,12
E00360,2023-12-26,Engineering,Developer,4.9,20,2.97,4.08,True,2023,12
E00361,2023-12-27,Marketing,Manager,10.8,3,4.94,0.28,False,2023,12
E00362,2023-12-28,Finance,Technician,9.2,16,4.59,1.74,False,2023,12
E00363,2023-12-29,Marketing,Technician,9.4,7,4.48,0.74,False,2023,12
E00364,2023-12-30,Engineering,Analyst,5.3,17,2.96,3.21,False,2023,12
E00365,2023-12-31,Finance,Consultant,11.9,4,4.94,0.34,False,2023,12
E00366,2024-01-01,Engineering,Analyst,6.0,13,4.66,2.17,False,2024,1
E00367,2024-01-02,Finance,Technician,5.4,17,2.12,3.15,False,2024,1
E00368,2024-01-03,Marketing,Manager,5.3,10,1.89,1.89,False,2024,1
E00369,2024-01-04,HR,Developer,8.5,14,3.31,1.65,False,2024,1
E00370,2024-01-05,Sales,Technician,11.7,2,1.22,0.17,False,2024,1
E00371,2024-01-06,Engineering,Analyst,5.9,5,4.2,0.85,False,2024,1
E00372,2024-01-07,Marketing,Developer,7.2,5,2.91,0.69,False,2024,1
E00373,2024-01-08,Marketing,Analyst,5.5,7,3.16,1.27,False,2024,1
E00374,2024-01-09,Marketing,Manager,9.1,11,3.01,1.21,False,2024,1
E00375,2024-01-10,Finance,Manager,7.5,14,2.57,1.87,False,2024,1
E00376,2024-01-11,HR,Developer,4.2,19,3.75,4.52,True,2024,1
E00377,2024-01-12,Marketing,Analyst,8.9,15,1.7,1.69,False,2024,1
E00378,2024-01-13,Finance,Technician,5.6,5,4.91,0.89,False,2024,1
E00379,2024-01-14,Finance,Analyst,8.7,11,3.79,1.26,False,2024,1
E00380,2024-01-15,Sales,Manager,7.1,6,2.84,0.85,False,2024,1
E00381,2024-01-16,Marketing,Technician,9.6,3,3.76,0.31,False,2024,1
E00382,2024-01-17,Finance,Technician,5.6,16,1.05,2.86,False,2024,1
E00383,2024-01-18,Finance,Consultant,8.0177,11,1.84,1.1,False,2024,1
E00384,2024-01-19,Engineering,Consultant,10.5,6,3.32,0.57,False,2024,1
E00385,2024-01-20,Engineering,Manager,4.5,11,2.3,2.44,False,2024,1
E00386,2024-01-21,Finance,Analyst,4.8,2,3.45,0.42,False,2024,1
E00387,2024-01-22,HR,Technician,11.0,1,2.04,0.09,False,2024,1
E00388,2024-01-23,Engineering,Consultant,5.5,15,3.19,2.73,False,2024,1
E00389,2024-01-24,Sales,Manager,6.6,9,1.95,1.36,False,2024,1
E00390,2024-01-25,Marketing,Consultant,7.7,7,2.89,0.91,False,2024,1
E00391,2024-01-26,Sales,Developer,6.1,6,3.45,0.98,False,2024,1
E00392,2024-01-27,Marketing,Manager,10.9,19,2.46,1.74,False,2024,1
E00393,2024-01-28,Finance,Manager,8.2,6,3.0,0.73,False,2024,1
E00394,2024-01-29,Engineering,Analyst,9.1,16,1.84,1.76,False,2024,1
E00395,2024-01-30,HR,Technician,8.8,3,3.8,0.34,False,2024,1
E00396,2024-01-31,Finance,Developer,8.9,5,2.49,0.56,False,2024,1
E00397,2024-02-01,Engineering,Consultant,8.7,20,4.42,2.3,False,2024,2
E00398,2024-02-02,Engineering,Developer,6.8,14,2.12,2.06,False,2024,2
E00399,2024-02-03,Marketing,Manager,10.8,14,1.72,1.3,False,2024,2
E00400,2024-02-04,Engineering,Analyst,8.9,13,1.52,1.46,False,2024,2
E00401,2024-02-05,Engineering,Analyst,10.5,14,3.3,1.33,False,2024,2
E00402,2024-02-06,Finance,Manager,9.6,16,1.91,1.67,False,2024,2
E00403,2024-02-07,Engineering,Developer,6.4,13,1.4,2.03,False,2024,2
E00404,2024-02-08,Sales,Consultant,8.9,1,2.08,0.11,False,2024,2
E00405,2024-02-09,Marketing,Developer,4.7,2,1.94,0.43,False,2024,2
E00406,2024-02-10,HR,Manager,5.1,18,2.73,3.53,False,2024,2
E00407,2024-02-11,HR,Technician,4.9,7,2.52,1.43,False,2024,2
E00408,2024-02-12,Engineering,Developer,6.4,12,1.58,1.88,False,2024,2
E00409,2024-02-13,Marketing,Manager,5.5,1,4.84,0.18,False,2024,2
E00410,2024-02-14,Finance,Developer,9.5,11,1.6,1.16,False,2024,2
E00411,2024-02-15,Sales,Analyst,8.1,17,4.22,2.1,False,2024,2
E00412,2024-02-16,Marketing,Manager,7.3,7,1.71,0.96,False,2024,2
E00413,2024-02-17,Marketing,Developer,5.1,1,3.0,0.2,False,2024,2
E00414,2024-02-18,Finance,Consultant,7.1,1,4.98,0.14,False,2024,2
E00415,2024-02-19,HR,Analyst,5.5,8,4.4,1.45,False,2024,2
E00416,2024-02-20,HR,Developer,9.1,8,3.07,0.88,False,2024,2
E00417,2024-02-21,Finance,Consultant,9.5,12,3.88,1.26,False,2024,2
E00418,2024-02-22,Engineering,Manager,9.2,10,4.14,1.09,False,2024,2
E00419,2024-02-23,Sales,Technician,12.0,5,2.2,0.42,False,2024,2
E00420,2024-02-24,HR,Manager,8.4,4,3.25,0.48,False,2024,2
E00421,2024-02-25,Engineering,Developer,7.9,13,3.27,1.65,False,2024,2
E00422,2024-02-26,Marketing,Developer,5.1,17,2.59,3.33,False,2024,2
E00423,2024-02-27,HR,Technician,6.5,19,3.76,2.92,False,2024,2
E00424,2024-02-28,Marketing,Developer,7.6,10,1.24,1.32,False,2024,2
E00425,2024-02-29,Engineering,Analyst,4.4,6,4.26,1.36,False,2024,2
E00426,2024-03-01,Finance,Developer,6.9,3,2.91,0.43,False,2024,3
E00427,2024-03-02,Marketing,Consultant,4.1,2,3.52,0.49,False,2024,3
E00428,2024-03-03,HR,Technician,5.1,10,2.8,1.96,False,2024,3
E00429,2024-03-04,Marketing,Analyst,10.5,10,2.34,0.95,False,2024,3
E00430,2024-03-05,Marketing,Manager,11.7,15,2.44,1.28,False,2024,3
E00431,2024-03-06,HR,Consultant,8.0,17,3.24,2.12,False,2024,3
E00432,2024-03-07,Engineering,Analyst,8.0,20,4.73,2.5,False,2024,3
E00433,2024-03-08,HR,Consultant,9.5,17,2.03,1.79,False,2024,3
E00434,2024-03-09,Sales,Consultant,7.3,11,1.08,1.51,False,2024,3
E00435,2024-03-10,Engineering,Consultant,10.7,14,1.48,1.31,False,2024,3
E00436,2024-03-11,HR,Consultant,7.9,5,4.47,0.63,False,2024,3
E00437,2024-03-12,Finance,Analyst,4.7,11,4.85,2.34,False,2024,3
E00438,2024-03-13,Sales,Manager,4.2,16,1.8,3.81,False,2024,3
E00439,2024-03-14,Engineering,Developer,10.1,12,3.3,1.19,False,2024,3
E00440,2024-03-15,Sales,Technician,6.3,7,3.6,1.11,False,2024,3
E00441,2024-03-16,Marketing,Manager,6.2,6,1.7,0.97,False,2024,3
E00442,2024-03-17,Sales,Consultant,8.3,13,4.12,1.57,False,2024,3
E00443,2024-03-18,Engineering,Developer,5.3,1,2.42,0.19,False,2024,3
E00444,2024-03-19,Sales,Consultant,7.7,8,3.69,1.04,False,2024,3
E00445,2024-03-20,Sales,Consultant,9.9,8,2.95,0.81,False,2024,3
E00446,2024-03-21,Marketing,Technician,10.1,5,3.95,0.5,False,2024,3
E00447,2024-03-22,Marketing,Manager,8.4,7,4.56,0.83,False,2024,3
E00448,2024-03-23,Engineering,Consultant,4.9,1,2.52,0.2,False,2024,3
E00449,2024-03-24,Sales,Developer,4.9,19,2.15,3.88,False,2024,3
E00450,2024-03-25,Engineering,Analyst,10.2,17,3.53,1.67,False,2024,3
E00451,2024-03-26,Sales,Manager,10.6,6,1.58,0.57,False,2024,3
E00452,2024-03-27,Marketing,Manager,6.9,4,1.67,0.58,False,2024,3
E00453,2024-03-28,Engineering,Manager,10.6,12,4.23,1.13,False,2024,3
E00454,2024-03-29,Finance,Technician,4.3,2,2.35,0.47,False,2024,3
E00455,2024-03-30,Finance,Developer,9.8,13,3.53,1.33,False,2024,3
E00456,2024-03-31,Marketing,Technician,8.4,9,3.29,1.07,False,2024,3
E00457,2024-04-01,Marketing,Developer,11.9,18,4.4,1.51,False,2024,4
E00458,2024-04-02,Engineering,Analyst,4.8,20,1.29,4.17,True,2024,4
E00459,2024-04-03,Marketing,Consultant,10.6,2,1.65,0.19,False,2024,4
E00460,2024-04-04,Finance,Manager,10.0,20,1.91,2.0,False,2024,4
E00461,2024-04-05,HR,Analyst,6.4,2,2.27,0.31,False,2024,4
E00462,2024-04-06,Finance,Consultant,12.0,4,2.17,0.33,False,2024,4
E00463,2024-04-07,Finance,Technician,7.6,1,2.07,0.13,False,2024,4
E00464,2024-04-08,Finance,Analyst,6.8,2,3.58,0.29,False,2024,4
E00465,2024-04-09,Engineering,Manager,10.5,4,2.08,0.38,False,2024,4
E00466,2024-04-10,HR,Analyst,7.5,14,2.78,1.87,False,2024,4
E00467,2024-04-11,Finance,Technician,12.0,15,4.45,1.25,False,2024,4
E00468,2024-04-12,Marketing,Consultant,10.2,13,2.45,1.27,False,2024,4
E00469,2024-04-13,Marketing,Technician,5.9,4,3.35,0.68,False,2024,4
E00470,2024-04-14,HR,Analyst,10.5,18,4.86,1.71,False,2024,4
E00471,2024-04-15,Engineering,Technician,8.7,9,2.66,1.03,False,2024,4
E00472,2024-04-16,Engineering,Developer,6.8,16,1.74,2.35,False,2024,4
E00473,2024-04-17,Engineering,Developer,9.7,5,1.09,0.52,False,2024,4
E00474,2024-04-18,Finance,Technician,9.1,7,3.91,0.77,False,2024,4
E00475,2024-04-19,Engineering,Developer,5.3,1,3.65,0.19,False,2024,4
E00476,2024-04-20,Sales,Technician,5.1,10,4.76,1.96,False,2024,4
E00477,2024-04-21,Engineering,Consultant,5.7,14,3.8,2.46,False,2024,4
E00478,2024-04-22,Marketing,Manager,5.7,4,1.32,0.7,False,2024,4
E00479,2024-04-23,Sales,Consultant,4.5,17,1.67,3.78,False,2024,4
E00480,2024-04-24,Marketing,Technician,6.8,9,1.41,1.32,False,2024,4
E00481,2024-04-25,Finance,Developer,8.0177,20,1.26,3.23,False,2024,4
E00482,2024-04-26,HR,Analyst,8.3,20,4.51,2.41,False,2024,4
E00483,2024-04-27,Finance,Manager,6.6,5,3.19,0.76,False,2024,4
E00484,2024-04-28,Marketing,Consultant,9.6,14,1.11,1.46,False,2024,4
E00485,2024-04-29,Sales,Analyst,6.3,4,2.59,0.63,False,2024,4
E00486,2024-04-30,Sales,Consultant,6.1,17,4.06,2.79,False,2024,4
E00487,2024-05-01,Engineering,Developer,10.9,20,1.33,1.83,False,2024,5
E00488,2024-05-02,Marketing,Consultant,11.9,4,2.05,0.34,False,2024,5
E00489,2024-05-03,Engineering,Analyst,8.0177,10,1.62,1.06,False,2024,5
E00490,2024-05-04,Marketing,Manager,4.8,4,3.62,0.83,False,2024,5
E00491,2024-05-05,Finance,Technician,11.7,4,4.54,0.34,False,2024,5
E00492,2024-05-06,Finance,Analyst,10.3,16,2.24,1.55,False,2024,5
E00493,2024-05-07,Engineering,Technician,11.4,7,1.99,0.61,False,2024,5
E00494,2024-05-08,HR,Analyst,11.9,20,2.14,1.68,False,2024,5
E00495,2024-05-09,Finance,Technician,10.9,7,3.51,0.64,False,2024,5
E00496,2024-05-10,Marketing,Technician,5.0,9,1.53,1.8,False,2024,5
E00497,2024-05-11,Engineering,Manager,10.9,17,4.35,1.56,False,2024,5
E00498,2024-05-12,HR,Consultant,6.0,7,1.11,1.17,False,2024,5
E00499,2024-05-13,Engineering,Analyst,9.7,12,3.65,1.24,False,2024,5
E00500,2024-05-14,HR,Technician,10.6,14,4.44,1.32,False,2024,5
E00501,2024-05-15,Marketing,Consultant,10.1,10,2.3,0.99,False,2024,5
E00502,2024-05-16,HR,Technician,9.4,6,2.9,0.64,False,2024,5
E00503,2024-05-17,Finance,Manager,7.9,2,4.9,0.25,False,2024,5
E00504,2024-05-18,Engineering,Consultant,8.6,18,3.16,2.09,False,2024,5
E00505,2024-05-19,HR,Consultant,6.1,16,2.09,2.62,False,2024,5
E00506,2024-05-20,Marketing,Manager,7.3,7,2.78,0.96,False,2024,5
E00507,2024-05-21,HR,Manager,7.6,16,4.88,2.11,False,2024,5
E00508,2024-05-22,Engineering,Consultant,9.1,11,3.79,1.21,False,2024,5
E00509,2024-05-23,HR,Analyst,11.0,8,1.71,0.73,False,2024,5
E00510,2024-05-24,Finance,Analyst,4.7,1,3.39,0.21,False,2024,5
E00511,2024-05-25,Finance,Developer,8.1,1,3.52,0.12,False,2024,5
E00512,2024-05-26,Finance,Consultant,6.2,3,3.54,0.48,False,2024,5
E00513,2024-05-27,Marketing,Consultant,11.5,4,3.26,0.35,False,2024,5
E00514,2024-05-28,Finance,Technician,7.0,19,3.09,2.71,False,2024,5
E00515,2024-05-29,Marketing,Analyst,8.0177,16,3.56,1.38,False,2024,5
E00516,2024-05-30,Sales,Consultant,6.6,5,2.24,0.76,False,2024,5
E00517,2024-05-31,Finance,Developer,4.0,3,2.39,0.75,False,2024,5
E00518,2024-06-01,HR,Developer,10.2,17,3.16,1.67,False,2024,6
E00519,2024-06-02,HR,Analyst,9.9,3,4.22,0.3,False,2024,6
E00520,2024-06-03,Engineering,Consultant,9.8,4,2.77,0.41,False,2024,6
E00521,2024-06-04,Sales,Analyst,7.7,9,2.46,1.17,False,2024,6
E00522,2024-06-05,Finance,Manager,9.3,8,2.04,0.86,False,2024,6
E00523,2024-06-06,Marketing,Consultant,6.9,15,2.21,2.17,False,2024,6
E00524,2024-06-07,Marketing,Developer,4.5,10,1.0,2.22,False,2024,6
E00525,2024-06-08,Marketing,Analyst,8.3,9,4.26,1.08,False,2024,6
E00526,2024-06-09,Marketing,Developer,5.7,15,4.39,2.63,False,2024,6
E00527,2024-06-10,Sales,Analyst,7.4,2,2.38,0.27,False,2024,6
E00528,2024-06-11,HR,Analyst,5.7,4,2.88,0.7,False,2024,6
E00529,2024-06-12,HR,Developer,6.1,6,1.03,0.98,False,2024,6
E00530,2024-06-13,HR,Technician,10.6,2,4.69,0.19,False,2024,6
E00531,2024-06-14,HR,Analyst,6.7,10,4.79,1.49,False,2024,6
E00532,2024-06-15,Marketing,Technician,8.6,12,2.91,1.4,False,2024,6
E00533,2024-06-16,Engineering,Developer,8.5,11,1.04,1.29,False,2024,6
E00534,2024-06-17,Finance,Manager,7.9,14,2.72,1.77,False,2024,6
E00535,2024-06-18,Marketing,Technician,6.7,4,2.17,0.6,False,2024,6
E00536,2024-06-19,Marketing,Developer,9.5,4,1.92,0.42,False,2024,6
E00537,2024-06-20,HR,Technician,4.4,2,1.03,0.45,False,2024,6
E00538,2024-06-21,Marketing,Developer,4.8,1,2.49,0.21,False,2024,6
E00539,2024-06-22,Marketing,Manager,10.3,5,2.65,0.49,False,2024,6
E00540,2024-06-23,HR,Consultant,7.7,6,3.24,0.78,False,2024,6
E00541,2024-06-24,Sales,Technician,5.0,11,2.58,2.2,False,2024,6
E00542,2024-06-25,Sales,Analyst,10.9,12,1.65,1.1,False,2024,6
E00543,2024-06-26,HR,Analyst,7.5,15,3.95,2.0,False,2024,6
E00544,2024-06-27,HR,Manager,4.0,20,2.56,5.0,True,2024,6
E00545,2024-06-28,Finance,Developer,11.7,9,2.51,0.77,False,2024,6
E00546,2024-06-29,Marketing,Technician,5.6,3,2.05,0.54,False,2024,6
E00547,2024-06-30,Sales,Technician,9.5,12,2.69,1.26,False,2024,6
E00548,2024-07-01,Finance,Consultant,5.1,11,1.96,2.16,False,2024,7
E00549,2024-07-02,Marketing,Technician,9.2,6,4.06,0.65,False,2024,7
E00550,2024-07-03,HR,Consultant,5.3,4,4.64,0.75,False,2024,7
E00551,2024-07-04,Marketing,Consultant,11.5,13,4.23,1.13,False,2024,7
E00552,2024-07-05,Marketing,Developer,6.2,13,3.74,2.1,False,2024,7
E00553,2024-07-06,HR,Manager,9.2,15,2.14,1.63,False,2024,7
E00554,2024-07-07,Marketing,Analyst,6.0,9,3.97,1.5,False,2024,7
E00555,2024-07-08,Sales,Manager,7.0,13,4.24,1.86,False,2024,7
E00556,2024-07-09,Marketing,Consultant,11.2,16,2.65,1.43,False,2024,7
E00557,2024-07-10,HR,Manager,5.3,14,4.41,2.64,False,2024,7
E00558,2024-07-11,Sales,Developer,7.2,6,1.73,0.83,False,2024,7
E00559,2024-07-12,Marketing,Analyst,6.4,4,2.16,0.62,False,2024,7
E00560,2024-07-13,Finance,Technician,9.6,5,3.55,0.52,False,2024,7
E00561,2024-07-14,Engineering,Developer,5.9,2,3.47,0.34,False,2024,7
E00562,2024-07-15,Finance,Consultant,9.2,6,2.09,0.65,False,2024,7
E00563,2024-07-16,Engineering,Manager,9.6,4,3.49,0.42,False,2024,7
E00564,2024-07-17,Finance,Analyst,4.0,14,1.75,3.5,False,2024,7
E00565,2024-07-18,Sales,Technician,7.8,19,1.08,2.44,False,2024,7
E00566,2024-07-19,Sales,Consultant,5.1,16,1.2,3.14,False,2024,7
E00567,2024-07-20,HR,Developer,5.8,19,3.14,3.28,False,2024,7
E00568,2024-07-21,Sales,Consultant,9.4,15,1.74,1.6,False,2024,7
E00569,2024-07-22,Marketing,Technician,4.1,6,1.41,1.46,False,2024,7
E00570,2024-07-23,Sales,Manager,9.6,20,2.08,2.08,False,2024,7
E00571,2024-07-24,Marketing,Technician,10.5,13,3.86,1.24,False,2024,7
E00572,2024-07-25,Engineering,Consultant,11.9,12,3.91,1.01,False,2024,7
E00573,2024-07-26,Marketing,Developer,7.4,20,1.93,2.7,False,2024,7
E00574,2024-07-27,Sales,Consultant,5.1,1,1.6,0.2,False,2024,7
E00575,2024-07-28,Finance,Analyst,4.6,5,2.97,1.09,False,2024,7
E00576,2024-07-29,Sales,Technician,7.1,16,2.37,2.25,False,2024,7
E00577,2024-07-30,Engineering,Consultant,9.8,16,2.25,1.63,False,2024,7
E00578,2024-07-31,Engineering,Consultant,4.8,4,4.2,0.83,False,2024,7
E00579,2024-08-01,Engineering,Manager,6.5,14,4.99,2.15,False,2024,8
E00580,2024-08-02,Marketing,Technician,11.0,15,2.85,1.36,False,2024,8
E00581,2024-08-03,Finance,Developer,5.1,2,4.17,0.39,False,2024,8
E00582,2024-08-04,Sales,Technician,10.2,3,2.32,0.29,False,2024,8
E00583,2024-08-05,Sales,Manager,10.0,9,4.37,0.9,False,2024,8
E00584,2024-08-06,HR,Manager,5.1,11,4.81,2.16,False,2024,8
E00585,2024-08-07,Sales,Manager,11.9,1,1.22,0.08,False,2024,8
E00586,2024-08-08,Finance,Manager,5.1,17,4.1,3.33,False,2024,8
E00587,2024-08-09,Engineering,Analyst,8.2,19,1.29,2.32,False,2024,8
E00588,2024-08-10,Marketing,Consultant,4.1,19,2.88,4.63,True,2024,8
E00589,2024-08-11,Finance,Analyst,9.2,8,1.77,0.87,False,2024,8
E00590,2024-08-12,HR,Technician,7.5,11,4.37,1.47,False,2024,8
E00591,2024-08-13,Sales,Technician,9.8,17,4.27,1.73,False,2024,8
E00592,2024-08-14,HR,Technician,9.0,17,4.31,1.89,False,2024,8
E00593,2024-08-15,Finance,Analyst,5.2,20,1.49,3.85,False,2024,8
E00594,2024-08-16,Marketing,Consultant,7.3,4,4.07,0.55,False,2024,8
E00595,2024-08-17,Finance,Developer,9.5,14,2.0,1.47,False,2024,8
E00596,2024-08-18,Sales,Manager,10.9,8,4.08,0.73,False,2024,8
E00597,2024-08-19,Marketing,Analyst,4.7,16,2.77,3.4,False,2024,8
E00598,2024-08-20,Finance,Developer,4.8,12,3.95,2.5,False,2024,8
E00599,2024-08-21,HR,Developer,10.0,13,1.13,1.3,False,2024,8
E00600,2024-08-22,Sales,Manager,8.7,5,2.84,0.57,False,2024,8
E00601,2024-08-23,HR,Technician,7.1,18,4.08,2.54,False,2024,8
E00602,2024-08-24,Marketing,Manager,11.7,20,3.08,1.71,False,2024,8
E00603,2024-08-25,Engineering,Consultant,6.5,2,4.93,0.31,False,2024,8
E00604,2024-08-26,Marketing,Consultant,5.1,1,2.89,0.2,False,2024,8
E00605,2024-08-27,Marketing,Consultant,6.2,6,3.73,0.97,False,2024,8
E00606,2024-08-28,Marketing,Technician,4.7,17,2.25,3.62,False,2024,8
E00607,2024-08-29,Engineering,Developer,8.4,16,2.29,1.9,False,2024,8
E00608,2024-08-30,Marketing,Technician,8.8,16,3.52,1.82,False,2024,8
E00609,2024-08-31,HR,Manager,8.9,6,1.17,0.67,False,2024,8
E00610,2024-09-01,Finance,Manager,10.2,3,4.75,0.29,False,2024,9
E00611,2024-09-02,Marketing,Consultant,9.5,16,3.08,1.68,False,2024,9
E00612,2024-09-03,Finance,Developer,10.8,11,2.01,1.02,False,2024,9
E00613,2024-09-04,Engineering,Consultant,9.3,8,3.55,0.86,False,2024,9
E00614,2024-09-05,Engineering,Consultant,6.4,11,1.79,1.72,False,2024,9
E00615,2024-09-06,Engineering,Developer,8.1,9,4.55,1.11,False,2024,9
E00616,2024-09-07,Engineering,Consultant,8.1,2,4.45,0.25,False,2024,9
E00617,2024-09-08,Marketing,Developer,10.0,17,1.87,1.7,False,2024,9
E00618,2024-09-09,Finance,Consultant,6.4,8,1.45,1.25,False,2024,9
E00619,2024-09-10,Marketing,Analyst,4.4,18,3.53,4.09,True,2024,9
E00620,2024-09-11,Finance,Technician,8.0177,13,2.3,1.16,False,2024,9
E00621,2024-09-12,Finance,Developer,11.6,13,1.67,1.12,False,2024,9
E00622,2024-09-13,HR,Technician,8.0,8,2.1,1.0,False,2024,9
E00623,2024-09-14,HR,Consultant,4.9,3,1.48,0.61,False,2024,9
E00624,2024-09-15,HR,Analyst,8.0,15,4.16,1.88,False,2024,9
E00625,2024-09-16,Engineering,Manager,8.8,15,1.04,1.7,False,2024,9
E00626,2024-09-17,Marketing,Manager,8.2,19,1.17,2.32,False,2024,9
E00627,2024-09-18,HR,Developer,11.8,15,4.13,1.27,False,2024,9
E00628,2024-09-19,Finance,Developer,11.9,3,2.9,0.25,False,2024,9
E00629,2024-09-20,Engineering,Analyst,11.5,16,3.38,1.39,False,2024,9
E00630,2024-09-21,Marketing,Consultant,5.1,15,2.49,2.94,False,2024,9
E00631,2024-09-22,Sales,Analyst,10.9,11,1.36,1.01,False,2024,9
E00632,2024-09-23,Engineering,Consultant,8.5,4,1.63,0.47,False,2024,9
E00633,2024-09-24,Finance,Consultant,6.9,16,1.37,2.32,False,2024,9
E00634,2024-09-25,HR,Technician,9.5,1,3.47,0.11,False,2024,9
E00635,2024-09-26,HR,Technician,10.1,4,4.72,0.4,False,2024,9
E00636,2024-09-27,Finance,Manager,11.6,13,4.99,1.12,False,2024,9
E00637,2024-09-28,HR,Analyst,10.2,14,3.5,1.37,False,2024,9
E00638,2024-09-29,HR,Developer,4.1,2,1.24,0.49,False,2024,9
E00639,2024-09-30,Engineering,Analyst,4.5,18,3.58,4.0,True,2024,9
E00640,2024-10-01,Finance,Developer,6.1,18,3.81,2.95,False,2024,10
E00641,2024-10-02,Sales,Analyst,4.3,1,4.17,0.23,False,2024,10
E00642,2024-10-03,Engineering,Analyst,4.5,3,1.5,0.67,False,2024,10
E00643,2024-10-04,Marketing,Manager,10.3,20,1.93,1.94,False,2024,10
E00644,2024-10-05,HR,Analyst,8.1,20,4.93,2.47,False,2024,10
E00645,2024-10-06,Sales,Analyst,9.0,10,4.15,1.11,False,2024,10
E00646,2024-10-07,Engineering,Consultant,8.0,17,4.03,2.12,False,2024,10
E00647,2024-10-08,Sales,Analyst,7.3,18,4.22,2.47,False,2024,10
E00648,2024-10-09,Engineering,Technician,9.6,7,2.75,0.73,False,2024,10
E00649,2024-10-10,Engineering,Manager,4.7,15,1.77,3.19,False,2024,10
E00650,2024-10-11,Engineering,Analyst,8.3,11,3.76,1.33,False,2024,10
E00651,2024-10-12,HR,Developer,8.9,12,2.43,1.35,False,2024,10
E00652,2024-10-13,HR,Analyst,6.2,2,1.54,0.32,False,2024,10
E00653,2024-10-14,Sales,Consultant,6.5,8,4.59,1.23,False,2024,10
E00654,2024-10-15,Engineering,Developer,8.1,15,2.94,1.85,False,2024,10
E00655,2024-10-16,Sales,Developer,5.6,11,2.75,1.96,False,2024,10
E00656,2024-10-17,Engineering,Developer,10.5,18,2.18,1.71,False,2024,10
E00657,2024-10-18,HR,Analyst,8.3,20,3.79,2.41,False,2024,10
E00658,2024-10-19,Marketing,Manager,7.1,20,1.76,2.82,False,2024,10
E00659,2024-10-20,HR,Technician,9.1,16,1.75,1.76,False,2024,10
E00660,2024-10-21,HR,Developer,10.7,12,2.39,1.12,False,2024,10
E00661,2024-10-22,Engineering,Technician,9.4,15,3.93,1.6,False,2024,10
E00662,2024-10-23,Finance,Analyst,4.5,4,2.1,0.89,False,2024,10
E00663,2024-10-24,Sales,Analyst,9.6,4,4.33,0.42,False,2024,10
E00664,2024-10-25,HR,Manager,9.8,8,4.66,0.82,False,2024,10
E00665,2024-10-26,Marketing,Developer,10.8,1,3.22,0.09,False,2024,10
E00666,2024-10-27,Marketing,Technician,8.0177,11,1.28,2.44,False,2024,10
E00667,2024-10-28,Marketing,Consultant,4.7,12,1.62,2.55,False,2024,10
E00668,2024-10-29,Finance,Developer,7.5,10,2.18,1.33,False,2024,10
E00669,2024-10-30,Engineering,Developer,7.6,18,2.05,2.37,False,2024,10
E00670,2024-10-31,Engineering,Technician,8.9,17,2.47,1.91,False,2024,10
E00671,2024-11-01,Engineering,Developer,6.5,12,1.0,1.85,False,2024,11
E00672,2024-11-02,Sales,Technician,9.9,4,3.55,0.4,False,2024,11
E00673,2024-11-03,Sales,Consultant,9.9,2,2.52,0.2,False,2024,11
E00674,2024-11-04,Finance,Consultant,5.0,6,1.74,1.2,False,2024,11
E00675,2024-11-05,Marketing,Analyst,9.7,16,1.07,1.65,False,2024,11
E00676,2024-11-06,Marketing,Developer,9.6,5,4.43,0.52,False,2024,11
E00677,2024-11-07,Marketing,Developer,5.3,14,4.1,2.64,False,2024,11
E00678,2024-11-08,Sales,Manager,11.6,4,1.96,0.34,False,2024,11
E00679,2024-11-09,Finance,Developer,8.2,9,3.88,1.1,False,2024,11
E00680,2024-11-10,Finance,Manager,10.3,20,3.63,1.94,False,2024,11
E00681,2024-11-11,Marketing,Developer,9.8,7,3.16,0.71,False,2024,11
E00682,2024-11-12,HR,Consultant,5.3,7,2.55,1.32,False,2024,11
E00683,2024-11-13,HR,Analyst,5.0,4,3.1,0.8,False,2024,11
E00684,2024-11-14,HR,Technician,10.2,13,2.99,1.27,False,2024,11
E00685,2024-11-15,HR,Consultant,6.2,7,3.21,1.13,False,2024,11
E00686,2024-11-16,Engineering,Manager,11.1,15,3.45,1.35,False,2024,11
E00687,2024-11-17,Engineering,Technician,10.2,7,2.29,0.69,False,2024,11
E00688,2024-11-18,Finance,Analyst,4.2,11,3.56,2.62,False,2024,11
E00689,2024-11-19,Finance,Consultant,10.5,4,1.44,0.38,False,2024,11
E00690,2024-11-20,Marketing,Analyst,6.2,14,3.09,2.26,False,2024,11
E00691,2024-11-21,Marketing,Technician,4.5,2,1.27,0.44,False,2024,11
E00692,2024-11-22,Engineering,Consultant,9.7,19,4.34,1.96,False,2024,11
E00693,2024-11-23,Marketing,Manager,8.6,4,1.52,0.47,False,2024,11
E00694,2024-11-24,Sales,Developer,4.6,15,4.49,3.26,False,2024,11
E00695,2024-11-25,Marketing,Developer,7.6,15,1.81,1.97,False,2024,11
E00696,2024-11-26,Marketing,Manager,6.9,19,2.94,2.75,False,2024,11
E00697,2024-11-27,Marketing,Manager,8.0,17,1.4,2.12,False,2024,11
E00698,2024-11-28,Sales,Analyst,8.5,5,3.28,0.59,False,2024,11
E00699,2024-11-29,Engineering,Developer,6.9,16,4.35,2.32,False,2024,11
E00700,2024-11-30,Engineering,Developer,6.0,1,3.63,0.17,False,2024,11
E00701,2024-12-01,Marketing,Consultant,4.8,17,3.1,3.54,False,2024,12
E00702,2024-12-02,Sales,Developer,8.6,2,3.81,0.23,False,2024,12
E00703,2024-12-03,Sales,Analyst,9.8,18,2.02,1.84,False,2024,12
E00704,2024-12-04,HR,Consultant,5.8,14,2.47,2.41,False,2024,12
E00705,2024-12-05,HR,Manager,8.1,19,3.42,2.35,False,2024,12
E00706,2024-12-06,Finance,Technician,4.4,16,1.28,3.64,False,2024,12
E00707,2024-12-07,Marketing,Consultant,10.9,17,4.72,1.56,False,2024,12
E00708,2024-12-08,Engineering,Analyst,6.0,6,1.83,1.0,False,2024,12
E00709,2024-12-09,Finance,Analyst,7.8,19,2.97,2.44,False,2024,12
E00710,2024-12-10,HR,Technician,7.1,6,4.56,0.85,False,2024,12
E00711,2024-12-11,Marketing,Developer,5.2,5,1.32,0.96,False,2024,12
E00712,2024-12-12,Marketing,Consultant,11.4,4,4.2,0.35,False,2024,12
E00713,2024-12-13,Sales,Analyst,10.9,13,1.24,1.19,False,2024,12
E00714,2024-12-14,Engineering,Technician,8.4,20,3.23,2.38,False,2024,12
E00715,2024-12-15,Engineering,Analyst,11.3,20,4.75,1.77,False,2024,12
E00716,2024-12-16,HR,Consultant,9.9,11,2.66,1.11,False,2024,12
E00717,2024-12-17,HR,Technician,7.4,17,2.48,2.3,False,2024,12
E00718,2024-12-18,Engineering,Developer,6.6,13,3.83,1.97,False,2024,12
E00719,2024-12-19,Finance,Consultant,7.3,14,4.29,1.92,False,2024,12
E00720,2024-12-20,Finance,Consultant,9.8,20,2.06,2.04,False,2024,12
E00721,2024-12-21,HR,Consultant,6.2,8,1.16,1.29,False,2024,12
E00722,2024-12-22,Sales,Manager,4.6,9,1.28,1.96,False,2024,12
E00723,2024-12-23,Sales,Developer,7.0,13,2.22,1.86,False,2024,12
E00724,2024-12-24,Engineering,Technician,8.0,11,4.78,1.38,False,2024,12
E00725,2024-12-25,Sales,Consultant,11.2,10,4.84,0.89,False,2024,12
E00726,2024-12-26,Sales,Consultant,5.4,15,1.39,2.78,False,2024,12
E00727,2024-12-27,Marketing,Developer,10.4,5,3.9,0.48,False,2024,12
E00728,2024-12-28,Finance,Consultant,11.9,5,3.13,0.42,False,2024,12
E00729,2024-12-29,HR,Developer,11.6,14,1.76,1.21,False,2024,12
E00730,2024-12-30,Marketing,Manager,8.0177,20,3.1,4.35,True,2024,12
E00731,2024-12-31,Engineering,Consultant,7.7,17,2.0,2.21,False,2024,12
E00732,2025-01-01,Marketing,Consultant,6.3,10,3.5,1.59,False,2025,1
E00733,2025-01-02,Sales,Technician,10.8,18,1.72,1.67,False,2025,1
E00734,2025-01-03,HR,Manager,6.6,11,4.0,1.67,False,2025,1
E00735,2025-01-04,Engineering,Consultant,8.4,18,2.66,2.14,False,2025,1
E00736,2025-01-05,Marketing,Manager,4.1,7,1.42,1.71,False,2025,1
E00737,2025-01-06,Engineering,Technician,5.6,7,3.55,1.25,False,2025,1
E00738,2025-01-07,HR,Manager,8.5,7,2.43,0.82,False,2025,1
E00739,2025-01-08,Finance,Manager,6.4,20,2.83,3.12,False,2025,1
E00740,2025-01-09,Finance,Analyst,9.0,10,3.66,1.11,False,2025,1
E00741,2025-01-10,Marketing,Manager,7.7,12,4.53,1.56,False,2025,1
E00742,2025-01-11,Sales,Consultant,8.7,5,1.67,0.57,False,2025,1
E00743,2025-01-12,Finance,Developer,7.9,6,1.72,0.76,False,2025,1
E00744,2025-01-13,Marketing,Consultant,10.2,17,2.61,1.67,False,2025,1
E00745,2025-01-14,Finance,Technician,5.6,18,2.35,3.21,False,2025,1
E00746,2025-01-15,Sales,Technician,11.2,11,1.63,0.98,False,2025,1
E00747,2025-01-16,Sales,Consultant,10.1,4,4.99,0.4,False,2025,1
E00748,2025-01-17,Engineering,Manager,6.0,12,2.77,2.0,False,2025,1
E00749,2025-01-18,Engineering,Manager,4.1,18,2.41,4.39,True,2025,1
E00750,2025-01-19,Finance,Analyst,7.3,16,2.26,2.19,False,2025,1
E00751,2025-01-20,Finance,Analyst,5.9,19,4.97,3.22,False,2025,1
E00752,2025-01-21,Sales,Consultant,6.8,19,2.3,2.79,False,2025,1
E00753,2025-01-22,Engineering,Developer,10.7,14,2.49,1.31,False,2025,1
E00754,2025-01-23,Engineering,Analyst,11.0,18,4.06,1.64,False,2025,1
E00755,2025-01-24,Sales,Manager,11.6,10,2.72,0.86,False,2025,1
E00756,2025-01-25,Marketing,Technician,4.0,14,3.9,3.5,False,2025,1
E00757,2025-01-26,Engineering,Analyst,9.3,1,3.43,0.11,False,2025,1
E00758,2025-01-27,Engineering,Analyst,10.8,17,3.25,1.57,False,2025,1
E00759,2025-01-28,HR,Consultant,9.8,4,1.86,0.41,False,2025,1
E00760,2025-01-29,Finance,Consultant,4.8,1,4.06,0.21,False,2025,1
E00761,2025-01-30,Marketing,Consultant,8.2,13,4.7,1.59,False,2025,1
E00762,2025-01-31,Marketing,Consultant,5.9,5,2.02,0.85,False,2025,1
E00763,2025-02-01,Marketing,Consultant,7.9,2,4.85,0.25,False,2025,2
E00764,2025-02-02,Finance,Manager,4.5,2,2.79,0.44,False,2025,2
E00765,2025-02-03,Engineering,Analyst,12.0,7,2.59,0.58,False,2025,2
E00766,2025-02-04,Sales,Developer,9.7,9,3.91,0.93,False,2025,2
E00767,2025-02-05,Engineering,Analyst,4.7,6,4.93,1.28,False,2025,2
E00768,2025-02-06,Marketing,Technician,11.4,10,3.38,0.88,False,2025,2
E00769,2025-02-07,HR,Analyst,11.2,9,3.07,0.8,False,2025,2
E00770,2025-02-08,Sales,Analyst,8.2,5,4.97,0.61,False,2025,2
E00771,2025-02-09,Marketing,Analyst,9.6,2,2.21,0.21,False,2025,2
E00772,2025-02-10,Finance,Consultant,7.0,10,2.2,1.43,False,2025,2
E00773,2025-02-11,HR,Analyst,11.8,7,1.89,0.59,False,2025,2
E00774,2025-02-12,Engineering,Analyst,4.7,18,4.42,3.83,False,2025,2
E00775,2025-02-13,Engineering,Technician,4.8,2,1.09,0.42,False,2025,2
E00776,2025-02-14,HR,Consultant,5.1,12,4.29,2.35,False,2025,2
E00777,2025-02-15,Sales,Analyst,10.6,15,3.76,1.42,False,2025,2
E00778,2025-02-16,Sales,Manager,4.6,4,2.1,0.87,False,2025,2
E00779,2025-02-17,Engineering,Consultant,8.5,20,3.21,2.35,False,2025,2
E00780,2025-02-18,HR,Analyst,7.5,18,3.23,2.4,False,2025,2
E00781,2025-02-19,Sales,Technician,11.7,8,4.7,0.68,False,2025,2
E00782,2025-02-20,Engineering,Technician,5.9,18,1.62,3.05,False,2025,2
E00783,2025-02-21,Marketing,Technician,6.1,13,1.15,2.13,False,2025,2
E00784,2025-02-22,Engineering,Technician,6.5,8,2.42,1.23,False,2025,2
E00785,2025-02-23,Finance,Analyst,10.4,17,1.55,1.63,False,2025,2
E00786,2025-02-24,Sales,Analyst,9.6,10,2.47,1.04,False,2025,2
E00787,2025-02-25,Sales,Consultant,9.9,2,3.33,0.2,False,2025,2
E00788,2025-02-26,Finance,Analyst,6.5,13,1.93,2.0,False,2025,2
E00789,2025-02-27,Engineering,Developer,6.2,13,4.24,2.1,False,2025,2
E00790,2025-02-28,Finance,Analyst,4.6,14,1.37,3.04,False,2025,2
E00791,2025-03-01,Sales,Developer,5.6,11,2.6,1.96,False,2025,3
E00792,2025-03-02,Engineering,Analyst,10.2,18,4.67,1.76,False,2025,3
E00793,2025-03-03,Sales,Developer,8.7,2,3.94,0.23,False,2025,3
E00794,2025-03-04,Sales,Technician,5.2,1,3.89,0.19,False,2025,3
E00795,2025-03-05,Finance,Consultant,5.3,9,4.17,1.7,False,2025,3
E00796,2025-03-06,Marketing,Manager,7.7,7,1.69,0.91,False,2025,3
E00797,2025-03-07,Engineering,Consultant,7.3,20,4.3,2.74,False,2025,3
E00798,2025-03-08,Sales,Developer,8.3,15,3.76,1.81,False,2025,3
E00799,2025-03-09,Engineering,Analyst,11.7,8,3.3,0.68,False,2025,3
E00800,2025-03-10,Sales,Consultant,5.7,12,4.63,2.11,False,2025,3
E00801,2025-03-11,Finance,Developer,6.5,19,3.38,2.92,False,2025,3
E00802,2025-03-12,Finance,Consultant,6.1,18,2.2,2.95,False,2025,3
E00803,2025-03-13,Engineering,Manager,5.0,20,3.92,4.0,True,2025,3
E00804,2025-03-14,Sales,Developer,5.3,7,3.31,1.32,False,2025,3
E00805,2025-03-15,Engineering,Consultant,9.5,7,1.31,0.74,False,2025,3
E00806,2025-03-16,HR,Manager,10.6,10,1.22,0.94,False,2025,3
E00807,2025-03-17,Engineering,Consultant,9.6,15,4.08,1.56,False,2025,3
E00808,2025-03-18,Finance,Manager,4.3,6,2.39,1.4,False,2025,3
E00809,2025-03-19,Engineering,Developer,10.7,3,4.27,0.28,False,2025,3
E00810,2025-03-20,Engineering,Technician,6.6,6,2.67,0.91,False,2025,3
E00811,2025-03-21,Engineering,Developer,4.7,6,4.47,1.28,False,2025,3
E00812,2025-03-22,Finance,Technician,6.0,17,4.48,2.83,False,2025,3
E00813,2025-03-23,HR,Technician,6.8,4,1.91,0.59,False,2025,3
E00814,2025-03-24,Marketing,Developer,8.1,13,3.61,1.6,False,2025,3
E00815,2025-03-25,Engineering,Manager,9.4,2,3.41,0.21,False,2025,3
E00816,2025-03-26,Finance,Technician,6.1,14,1.05,2.3,False,2025,3
E00817,2025-03-27,Marketing,Analyst,11.9,9,4.11,0.76,False,2025,3
E00818,2025-03-28,HR,Consultant,4.2,18,2.53,4.29,True,2025,3
E00819,2025-03-29,Marketing,Technician,7.2,9,2.22,1.25,False,2025,3
E00820,2025-03-30,Marketing,Manager,7.6,5,1.16,0.66,False,2025,3
E00821,2025-03-31,Sales,Developer,10.0,6,3.16,0.6,False,2025,3
E00822,2025-04-01,Finance,Developer,6.0,19,1.6,3.17,False,2025,4
E00823,2025-04-02,Marketing,Consultant,7.7,9,3.01,1.17,False,2025,4
E00824,2025-04-03,Sales,Technician,10.4,1,1.88,0.1,False,2025,4
E00825,2025-04-04,Sales,Technician,5.1,11,1.2,2.16,False,2025,4
E00826,2025-04-05,Engineering,Manager,4.1,15,3.93,3.66,False,2025,4
E00827,2025-04-06,HR,Technician,10.6,5,2.57,0.47,False,2025,4
E00828,2025-04-07,Engineering,Manager,11.9,2,2.78,0.17,False,2025,4
E00829,2025-04-08,Engineering,Technician,5.0,5,3.38,1.0,False,2025,4
E00830,2025-04-09,Sales,Technician,10.6,11,3.02,1.04,False,2025,4
E00831,2025-04-10,Sales,Analyst,7.0,20,1.89,2.86,False,2025,4
E00832,2025-04-11,Engineering,Developer,9.0,2,2.16,0.22,False,2025,4
E00833,2025-04-12,Engineering,Technician,9.2,20,2.58,2.17,False,2025,4
E00834,2025-04-13,Engineering,Technician,8.7,10,1.53,1.15,False,2025,4
E00835,2025-04-14,Marketing,Technician,6.1,16,1.33,2.62,False,2025,4
E00836,2025-04-15,Engineering,Technician,10.5,19,3.29,1.81,False,2025,4
E00837,2025-04-16,Marketing,Manager,4.2,18,1.2,4.29,True,2025,4
E00838,2025-04-17,HR,Developer,4.5,12,2.6,2.67,False,2025,4
E00839,2025-04-18,Engineering,Manager,11.2,3,1.34,0.27,False,2025,4
E00840,2025-04-19,Sales,Technician,7.5,11,3.01,1.47,False,2025,4
E00841,2025-04-20,Finance,Analyst,5.0,17,4.1,3.4,False,2025,4
E00842,2025-04-21,Marketing,Technician,11.2,8,1.52,0.71,False,2025,4
E00843,2025-04-22,Marketing,Developer,10.6,6,1.54,0.57,False,2025,4
E00844,2025-04-23,Sales,Developer,6.7,17,3.24,2.54,False,2025,4
E00845,2025-04-24,Sales,Technician,4.3,3,2.95,0.7,False,2025,4
E00846,2025-04-25,Sales,Technician,7.7,17,3.61,2.21,False,2025,4
E00847,2025-04-26,Finance,Developer,5.3,6,1.78,1.13,False,2025,4
E00848,2025-04-27,Finance,Manager,8.6,14,3.46,1.63,False,2025,4
E00849,2025-04-28,Marketing,Manager,10.6,18,3.94,1.7,False,2025,4
E00850,2025-04-29,Marketing,Manager,7.2,18,1.98,2.5,False,2025,4
E00851,2025-04-30,Sales,Developer,4.2,13,1.29,3.1,False,2025,4
E00852,2025-05-01,HR,Analyst,9.5,3,4.11,0.32,False,2025,5
E00853,2025-05-02,HR,Manager,5.4,12,2.29,2.22,False,2025,5
E00854,2025-05-03,Marketing,Consultant,5.7,8,4.7,1.4,False,2025,5
E00855,2025-05-04,Sales,Consultant,5.5,7,1.36,1.27,False,2025,5
E00856,2025-05-05,Sales,Developer,6.2,11,3.69,1.77,False,2025,5
E00857,2025-05-06,Marketing,Consultant,11.1,11,2.69,0.99,False,2025,5
E00858,2025-05-07,Engineering,Manager,4.3,12,2.39,2.79,False,2025,5
E00859,2025-05-08,HR,Technician,9.0,10,2.28,1.11,False,2025,5
E00860,2025-05-09,Marketing,Technician,6.0,7,3.38,1.17,False,2025,5
E00861,2025-05-10,Sales,Technician,6.4,20,1.1,3.12,False,2025,5
E00862,2025-05-11,Engineering,Developer,7.3,17,2.22,2.33,False,2025,5
E00863,2025-05-12,Marketing,Manager,8.4,16,4.95,1.9,False,2025,5
E00864,2025-05-13,Sales,Consultant,4.5,18,3.46,4.0,True,2025,5
E00865,2025-05-14,HR,Manager,6.2,1,4.96,0.16,False,2025,5
E00866,2025-05-15,Marketing,Manager,5.1,4,2.77,0.78,False,2025,5
E00867,2025-05-16,Finance,Analyst,8.0177,12,1.58,2.14,False,2025,5
E00868,2025-05-17,Finance,Analyst,11.1,15,1.18,1.35,False,2025,5
E00869,2025-05-18,HR,Analyst,8.2,8,4.27,0.98,False,2025,5
E00870,2025-05-19,Engineering,Analyst,9.0,20,1.8,2.22,False,2025,5
E00871,2025-05-20,Engineering,Consultant,10.4,20,2.5,1.92,False,2025,5
E00872,2025-05-21,Marketing,Technician,10.4,8,4.03,0.77,False,2025,5
E00873,2025-05-22,HR,Analyst,11.9,2,4.41,0.17,False,2025,5
E00874,2025-05-23,HR,Consultant,10.3,11,1.45,1.07,False,2025,5
E00875,2025-05-24,Sales,Manager,6.9,13,1.22,1.88,False,2025,5
E00876,2025-05-25,Marketing,Consultant,8.4,4,4.8,0.48,False,2025,5
E00877,2025-05-26,Finance,Consultant,7.9,13,4.71,1.65,False,2025,5
E00878,2025-05-27,Sales,Manager,11.3,9,4.48,0.8,False,2025,5
E00879,2025-05-28,HR,Manager,8.0,18,4.28,2.25,False,2025,5
E00880,2025-05-29,Engineering,Analyst,7.1,10,1.05,1.41,False,2025,5
E00881,2025-05-30,Finance,Developer,5.4,1,3.78,0.19,False,2025,5
E00882,2025-05-31,Finance,Developer,6.6,17,1.45,2.58,False,2025,5
E00883,2025-06-01,HR,Technician,5.8,12,2.8,2.07,False,2025,6
E00884,2025-06-02,Sales,Consultant,11.2,17,1.09,1.52,False,2025,6
E00885,2025-06-03,Sales,Analyst,10.2,17,1.84,1.67,False,2025,6
E00886,2025-06-04,Marketing,Manager,4.5,15,3.15,3.33,False,2025,6
E00887,2025-06-05,HR,Technician,11.9,16,1.82,1.34,False,2025,6
E00888,2025-06-06,Engineering,Analyst,8.2,2,3.09,0.24,False,2025,6
E00889,2025-06-07,Finance,Consultant,10.1,10,2.03,0.99,False,2025,6
E00890,2025-06-08,Engineering,Analyst,12.0,7,2.93,0.58,False,2025,6
E00891,2025-06-09,Marketing,Manager,11.8,11,3.92,0.93,False,2025,6
E00892,2025-06-10,Engineering,Manager,4.8,17,1.57,3.54,False,2025,6
E00893,2025-06-11,Finance,Consultant,9.3,3,3.8,0.32,False,2025,6
E00894,2025-06-12,Sales,Consultant,6.1,4,1.07,0.66,False,2025,6
E00895,2025-06-13,HR,Developer,10.5,6,3.33,0.57,False,2025,6
E00896,2025-06-14,Finance,Developer,11.3,18,3.65,1.59,False,2025,6
E00897,2025-06-15,Engineering,Developer,4.4,18,1.17,4.09,True,2025,6
E00898,2025-06-16,Finance,Developer,12.0,1,1.68,0.08,False,2025,6
E00899,2025-06-17,Engineering,Consultant,5.8,3,2.14,0.52,False,2025,6
E00900,2025-06-18,Engineering,Analyst,10.8,7,4.16,0.65,False,2025,6
E00901,2025-06-19,Sales,Analyst,10.4,7,3.47,0.67,False,2025,6
E00902,2025-06-20,Finance,Consultant,6.8,14,1.21,2.06,False,2025,6
E00903,2025-06-21,Sales,Technician,10.7,4,3.62,0.37,False,2025,6
E00904,2025-06-22,Marketing,Manager,10.8,7,1.03,0.65,False,2025,6
E00905,2025-06-23,Finance,Developer,5.4,18,2.55,3.33,False,2025,6
E00906,2025-06-24,Engineering,Consultant,8.7,14,2.09,1.61,False,2025,6
E00907,2025-06-25,Marketing,Manager,10.4,3,4.41,0.29,False,2025,6
E00908,2025-06-26,Marketing,Developer,9.6,5,3.64,0.52,False,2025,6
E00909,2025-06-27,HR,Manager,11.3,1,4.46,0.09,False,2025,6
E00910,2025-06-28,Marketing,Developer,4.2,15,1.08,3.57,False,2025,6
E00911,2025-06-29,Engineering,Developer,9.6,11,4.47,1.15,False,2025,6
E00912,2025-06-30,Sales,Developer,11.6,2,3.6,0.17,False,2025,6
E00913,2025-07-01,Finance,Manager,8.5,3,1.92,0.35,False,2025,7
E00914,2025-07-02,Marketing,Analyst,8.5,3,2.52,0.35,False,2025,7
E00915,2025-07-03,Marketing,Developer,5.5,2,4.91,0.36,False,2025,7
E00916,2025-07-04,Finance,Manager,11.9,6,1.4,0.5,False,2025,7
E00917,2025-07-05,Marketing,Analyst,11.1,9,2.26,0.81,False,2025,7
E00918,2025-07-06,Marketing,Developer,7.9,18,4.47,2.28,False,2025,7
E00919,2025-07-07,Marketing,Manager,6.5,3,3.13,0.46,False,2025,7
E00920,2025-07-08,Marketing,Developer,7.9,19,1.75,2.41,False,2025,7
E00921,2025-07-09,Marketing,Technician,4.7,8,3.0,1.7,False,2025,7
E00922,2025-07-10,Sales,Developer,5.9,9,2.83,1.53,False,2025,7
E00923,2025-07-11,Marketing,Developer,5.8,14,4.71,2.41,False,2025,7
E00924,2025-07-12,Sales,Developer,8.2,13,1.09,1.59,False,2025,7
E00925,2025-07-13,Marketing,Manager,4.0,15,1.99,3.75,False,2025,7
E00926,2025-07-14,Finance,Developer,11.3,13,3.12,1.15,False,2025,7
E00927,2025-07-15,Engineering,Technician,5.6,14,2.33,2.5,False,2025,7
E00928,2025-07-16,Engineering,Consultant,5.0,11,2.57,2.2,False,2025,7
E00929,2025-07-17,Marketing,Analyst,9.7,1,1.63,0.1,False,2025,7
E00930,2025-07-18,HR,Technician,11.4,13,2.39,1.14,False,2025,7
E00931,2025-07-19,Finance,Consultant,10.8,4,2.41,0.37,False,2025,7
E00932,2025-07-20,Marketing,Developer,6.6,18,3.5,2.73,False,2025,7
E00933,2025-07-21,HR,Manager,4.2,1,1.94,0.24,False,2025,7
E00934,2025-07-22,HR,Analyst,8.7,20,4.91,2.3,False,2025,7
E00935,2025-07-23,Engineering,Manager,11.3,3,3.01,0.27,False,2025,7
E00936,2025-07-24,Sales,Technician,10.2,19,4.25,1.86,False,2025,7
E00937,2025-07-25,Engineering,Technician,10.8,2,3.5,0.19,False,2025,7
E00938,2025-07-26,Sales,Manager,10.9,3,4.51,0.28,False,2025,7
E00939,2025-07-27,Sales,Technician,11.7,12,4.56,1.03,False,2025,7
E00940,2025-07-28,Finance,Manager,7.0,17,4.26,2.43,False,2025,7
E00941,2025-07-29,Sales,Developer,11.5,4,1.12,0.35,False,2025,7
E00942,2025-07-30,Engineering,Consultant,7.2,10,3.22,1.39,False,2025,7
E00943,2025-07-31,Sales,Consultant,4.8,10,2.12,2.08,False,2025,7
E00944,2025-08-01,Marketing,Technician,6.4,20,1.61,3.12,False,2025,8
E00945,2025-08-02,Finance,Consultant,5.1,3,4.59,0.59,False,2025,8
E00946,2025-08-03,HR,Developer,5.3,10,3.63,1.89,False,2025,8
E00947,2025-08-04,Sales,Technician,11.6,15,1.35,1.29,False,2025,8
E00948,2025-08-05,HR,Analyst,10.3,13,2.53,1.26,False,2025,8
E00949,2025-08-06,Sales,Technician,11.7,13,4.84,1.11,False,2025,8
E00950,2025-08-07,Sales,Technician,9.2,1,3.45,0.11,False,2025,8
E00951,2025-08-08,Marketing,Analyst,5.4,16,3.5,2.96,False,2025,8
E00952,2025-08-09,Sales,Consultant,11.7,6,1.91,0.51,False,2025,8
E00953,2025-08-10,Sales,Consultant,9.5,18,1.96,1.89,False,2025,8
E00954,2025-08-11,Sales,Developer,11.4,8,1.61,0.7,False,2025,8
E00955,2025-08-12,Finance,Consultant,10.3,5,4.88,0.49,False,2025,8
E00956,2025-08-13,Marketing,Analyst,5.8,13,4.64,2.24,False,2025,8
E00957,2025-08-14,HR,Manager,8.7,18,2.32,2.07,False,2025,8
E00958,2025-08-15,Engineering,Developer,5.4,10,3.17,1.85,False,2025,8
E00959,2025-08-16,Engineering,Developer,6.5,5,1.83,0.77,False,2025,8
E00960,2025-08-17,Marketing,Consultant,9.5,10,1.55,1.05,False,2025,8
E00961,2025-08-18,Marketing,Analyst,5.0,12,3.17,2.4,False,2025,8
E00962,2025-08-19,Engineering,Manager,9.8,1,4.2,0.1,False,2025,8
E00963,2025-08-20,Sales,Manager,11.6,18,4.45,1.55,False,2025,8
E00964,2025-08-21,Sales,Analyst,11.6,18,2.24,1.55,False,2025,8
E00965,2025-08-22,HR,Consultant,7.1,5,3.82,0.7,False,2025,8
E00966,2025-08-23,Finance,Developer,12.0,4,3.1,0.33,False,2025,8
E00967,2025-08-24,HR,Developer,11.7,2,1.54,0.17,False,2025,8
E00968,2025-08-25,Sales,Technician,4.3,1,4.98,0.23,False,2025,8
E00969,2025-08-26,Engineering,Analyst,8.8,19,4.9,2.16,False,2025,8
E00970,2025-08-27,Sales,Analyst,11.4,20,1.58,1.75,False,2025,8
E00971,2025-08-28,Finance,Analyst,11.7,13,4.73,1.11,False,2025,8
E00972,2025-08-29,HR,Technician,5.8,18,4.67,3.1,False,2025,8
E00973,2025-08-30,Sales,Consultant,8.5,18,2.27,2.12,False,2025,8
E00974,2025-08-31,Sales,Manager,11.5,3,3.23,0.26,False,2025,8
E00975,2025-09-01,Finance,Technician,5.1,10,4.79,1.96,False,2025,9
E00976,2025-09-02,Engineering,Developer,10.0,7,1.47,0.7,False,2025,9
E00977,2025-09-03,HR,Consultant,5.9,12,2.27,2.03,False,2025,9
E00978,2025-09-04,Sales,Technician,11.9,7,4.52,0.59,False,2025,9
E00979,2025-09-05,Finance,Manager,5.3,14,3.91,2.64,False,2025,9
E00980,2025-09-06,Engineering,Analyst,11.1,17,4.06,1.53,False,2025,9
E00981,2025-09-07,HR,Manager,4.7,5,4.52,1.06,False,2025,9
E00982,2025-09-08,Sales,Manager,9.7,6,2.66,0.62,False,2025,9
E00983,2025-09-09,HR,Developer,9.1,6,2.65,0.66,False,2025,9
E00984,2025-09-10,Engineering,Consultant,11.1,8,2.77,0.72,False,2025,9
E00985,2025-09-11,Marketing,Manager,7.6,20,4.74,2.63,False,2025,9
E00986,2025-09-12,Marketing,Consultant,6.1,9,4.58,1.48,False,2025,9
E00987,2025-09-13,Sales,Developer,6.0,7,4.73,1.17,False,2025,9
E00988,2025-09-14,Engineering,Analyst,4.5,4,2.1,0.89,False,2025,9
E00989,2025-09-15,Marketing,Analyst,6.1,6,4.12,0.98,False,2025,9
E00990,2025-09-16,HR,Technician,4.9,19,1.43,3.88,False,2025,9
E00991,2025-09-17,Engineering,Manager,4.0,2,1.74,0.5,False,2025,9
E00992,2025-09-18,HR,Developer,7.1,18,4.05,2.54,False,2025,9
E00993,2025-09-19,Engineering,Analyst,9.9,15,3.45,1.52,False,2025,9
E00994,2025-09-20,Engineering,Technician,11.8,18,2.07,1.53,False,2025,9
E00995,2025-09-21,Sales,Consultant,11.1,3,3.27,0.27,False,2025,9
E00996,2025-09-22,HR,Analyst,7.9,10,1.92,1.27,False,2025,9
E00997,2025-09-23,Finance,Developer,7.0,3,1.93,0.43,False,2025,9
E00998,2025-09-24,Engineering,Consultant,8.4,9,3.75,1.07,False,2025,9
E00999,2025-09-25,Sales,Analyst,4.8,4,2.44,0.83,False,2025,9
E01000,2025-09-26,Sales,Analyst,7.8,7,3.75,0.9,False,2025,9
E00001,2023-01-01,Marketing,Manager,5.1,19,3.9,3.73,False,2023,1
E00002,2023-01-02,HR,Consultant,9.3,8,2.95,0.86,False,2023,1
E00003,2023-01-03,Finance,Developer,5.8,6,2.32,1.03,False,2023,1
E00004,2023-01-04,Finance,Technician,6.4,15,1.51,2.34,False,2023,1
E00005,2023-01-05,Marketing,Analyst,4.5,3,3.62,0.67,False,2023,1
E00006,2023-01-06,Marketing,Analyst,11.6,2,1.4,0.17,False,2023,1
E00007,2023-01-07,Sales,Manager,11.0,10,3.48,0.91,False,2023,1
E00008,2023-01-08,HR,Manager,11.3,1,4.6,0.09,False,2023,1
E00009,2023-01-09,Engineering,Technician,9.0,11,2.27,1.22,False,2023,1
E00010,2023-01-10,HR,Developer,7.4,9,2.8,1.22,False,2023,1
